index,page,row,school_info,question_source,answer_source,question_url,answer_url,question_path,answer_path
1,1,1,"桃子腳國小 / 新北市 / 2年級 國語 / 113下 期末2 / 翰林",20001264b12422ae732d.pdf,20001264a12422ae732d.pdf,https://www.tcool.cc/d/q/20001264b12422ae732d.pdf,https://www.tcool.cc/d/a/20001264a12422ae732d.pdf,questions/Q_20001264b12422ae732d.pdf,answers/A_20001264a12422ae732d.pdf
2,1,2,"桃子腳國小 / 新北市 / 2年級 國語 / 113上 期末2 / 翰林",20000025b2145ce1a55d.pdf,20000025a2145ce1a55d.pdf,https://www.tcool.cc/d/q/20000025b2145ce1a55d.pdf,https://www.tcool.cc/d/a/20000025a2145ce1a55d.pdf,questions/Q_20000025b2145ce1a55d.pdf,answers/A_20000025a2145ce1a55d.pdf
3,1,3,"桃子腳國小 / 新北市 / 2年級 國語 / 113上 期中1 / 翰林",20000001b211478424c1.pdf,20000001a211478424c1.pdf,https://www.tcool.cc/d/q/20000001b211478424c1.pdf,https://www.tcool.cc/d/a/20000001a211478424c1.pdf,questions/Q_20000001b211478424c1.pdf,answers/A_20000001a211478424c1.pdf
4,1,4,"內安國小 / 彰化縣 / 2年級 國語 / 113上 期中1 / 翰林",1002958672ae5c72583f.pdf,10029586729d7e2a4013.pdf,https://www.tcool.cc/d/q/1002958672ae5c72583f.pdf,https://www.tcool.cc/d/a/10029586729d7e2a4013.pdf,questions/Q_1002958672ae5c72583f.pdf,answers/A_10029586729d7e2a4013.pdf
5,1,7,"田中國小 / 彰化縣 / 2年級 國語 / 112下 期末2 / 翰林",10029556687630cd3cfb.pdf,1002955668c9cbce0434.pdf,https://www.tcool.cc/d/q/10029556687630cd3cfb.pdf,https://www.tcool.cc/d/a/1002955668c9cbce0434.pdf,questions/Q_10029556687630cd3cfb.pdf,answers/A_1002955668c9cbce0434.pdf
6,1,8,"草港國小 / 彰化縣 / 2年級 國語 / 112下 期末2 / 翰林",10029016682489904e74.pdf,1002901668248990510d.pdf,https://www.tcool.cc/d/q/10029016682489904e74.pdf,https://www.tcool.cc/d/a/1002901668248990510d.pdf,questions/Q_10029016682489904e74.pdf,answers/A_1002901668248990510d.pdf
7,1,9,"內安國小 / 彰化縣 / 2年級 國語 / 112下 期末2 / 翰林",1002958667501efcc05d.pdf,1002958667501efcc41a.pdf,https://www.tcool.cc/d/q/1002958667501efcc05d.pdf,https://www.tcool.cc/d/a/1002958667501efcc41a.pdf,questions/Q_1002958667501efcc05d.pdf,answers/A_1002958667501efcc41a.pdf
8,2,1,"內安國小 / 彰化縣 / 2年級 國語 / 112下 期中1 / 翰林",10029586620b3549efdb.pdf,10029586620b3549f41c.pdf,https://www.tcool.cc/d/q/10029586620b3549efdb.pdf,https://www.tcool.cc/d/a/10029586620b3549f41c.pdf,questions/Q_10029586620b3549efdb.pdf,answers/A_10029586620b3549f41c.pdf
9,2,2,"田中國小 / 彰化縣 / 2年級 國語 / 112上 期末2 / 翰林",100295565c1e0b9da580.pdf,100295565c04126b8520.pdf,https://www.tcool.cc/d/q/100295565c1e0b9da580.pdf,https://www.tcool.cc/d/a/100295565c04126b8520.pdf,questions/Q_100295565c1e0b9da580.pdf,answers/A_100295565c04126b8520.pdf
10,2,3,"內安國小 / 彰化縣 / 2年級 國語 / 112上 期末2 / 翰林",100295865a0d95d29404.pdf,100295865a0d95d297a0.pdf,https://www.tcool.cc/d/q/100295865a0d95d29404.pdf,https://www.tcool.cc/d/a/100295865a0d95d297a0.pdf,questions/Q_100295865a0d95d29404.pdf,answers/A_100295865a0d95d297a0.pdf
11,2,6,"草港國小 / 彰化縣 / 2年級 國語 / 112上 期中1 / 翰林",100290165af2627e4da8.pdf,100290165af2627e51c8.pdf,https://www.tcool.cc/d/q/100290165af2627e4da8.pdf,https://www.tcool.cc/d/a/100290165af2627e51c8.pdf,questions/Q_100290165af2627e4da8.pdf,answers/A_100290165af2627e51c8.pdf
12,2,7,"田中國小 / 彰化縣 / 2年級 國語 / 112上 期中1 / 翰林",1002955656041875dc2d.pdf,1002955656041875ec6c.pdf,https://www.tcool.cc/d/q/1002955656041875dc2d.pdf,https://www.tcool.cc/d/a/1002955656041875ec6c.pdf,questions/Q_1002955656041875dc2d.pdf,answers/A_1002955656041875ec6c.pdf
13,2,8,"內安國小 / 彰化縣 / 2年級 國語 / 112上 期中1 / 翰林",1002958654480864addf.pdf,1002958654480864b186.pdf,https://www.tcool.cc/d/q/1002958654480864addf.pdf,https://www.tcool.cc/d/a/1002958654480864b186.pdf,questions/Q_1002958654480864addf.pdf,answers/A_1002958654480864b186.pdf
14,2,9,"中正國小 / 彰化縣 / 2年級 國語 / 111下 期末2 / 翰林",1002995654434c9a3fbe.pdf,1002995654434c9a42e5.pdf,https://www.tcool.cc/d/q/1002995654434c9a3fbe.pdf,https://www.tcool.cc/d/a/1002995654434c9a42e5.pdf,questions/Q_1002995654434c9a3fbe.pdf,answers/A_1002995654434c9a42e5.pdf
15,2,10,"內安國小 / 彰化縣 / 2年級 國語 / 111下 期末2 / 翰林",1002958649bf3b67948e.pdf,1002958649beea0198b2.pdf,https://www.tcool.cc/d/q/1002958649bf3b67948e.pdf,https://www.tcool.cc/d/a/1002958649beea0198b2.pdf,questions/Q_1002958649bf3b67948e.pdf,answers/A_1002958649beea0198b2.pdf
16,3,2,"內安國小 / 彰化縣 / 2年級 國語 / 111下 期中1 / 翰林",1002958644223cf95c04.pdf,1002958644627d4bed9a.pdf,https://www.tcool.cc/d/q/1002958644223cf95c04.pdf,https://www.tcool.cc/d/a/1002958644627d4bed9a.pdf,questions/Q_1002958644223cf95c04.pdf,answers/A_1002958644627d4bed9a.pdf
17,3,3,"中正國小 / 彰化縣 / 2年級 國語 / 111上 期末2 / 翰林",100299563da18c9df9e0.pdf,100299563da18c9e0055.pdf,https://www.tcool.cc/d/q/100299563da18c9df9e0.pdf,https://www.tcool.cc/d/a/100299563da18c9e0055.pdf,questions/Q_100299563da18c9df9e0.pdf,answers/A_100299563da18c9e0055.pdf
18,3,9,"內安國小 / 彰化縣 / 2年級 國語 / 110下 期中1 / 翰林",1002958626247efcf76c.pdf,1002958636cb33dd8784.pdf,https://www.tcool.cc/d/q/1002958626247efcf76c.pdf,https://www.tcool.cc/d/a/1002958636cb33dd8784.pdf,questions/Q_1002958626247efcf76c.pdf,answers/A_1002958636cb33dd8784.pdf
19,3,10,"田中國小 / 彰化縣 / 2年級 國語 / 110上 期末2 / 翰林",100295561e90f940cd48.pdf,100295561e90f940d123.pdf,https://www.tcool.cc/d/q/100295561e90f940cd48.pdf,https://www.tcool.cc/d/a/100295561e90f940d123.pdf,questions/Q_100295561e90f940cd48.pdf,answers/A_100295561e90f940d123.pdf
20,4,1,"內安國小 / 彰化縣 / 2年級 國語 / 110上 期末2 / 翰林",100295861e0cd5db7ac6.pdf,1002958636cb1655d724.pdf,https://www.tcool.cc/d/q/100295861e0cd5db7ac6.pdf,https://www.tcool.cc/d/a/1002958636cb1655d724.pdf,questions/Q_100295861e0cd5db7ac6.pdf,answers/A_1002958636cb1655d724.pdf
21,4,2,"明湖國小 / 彰化縣 / 2年級 國語 / 110上 期末3 / 翰林",100294561e0eb2d4b91b.pdf,100294561e0eb2d4bb89.pdf,https://www.tcool.cc/d/q/100294561e0eb2d4b91b.pdf,https://www.tcool.cc/d/a/100294561e0eb2d4bb89.pdf,questions/Q_100294561e0eb2d4b91b.pdf,answers/A_100294561e0eb2d4bb89.pdf
22,4,3,"明湖國小 / 彰化縣 / 2年級 國語 / 110上 期中2 / 翰林",100294561b306a4bb5ca.pdf,100294561b306a4bb7d5.pdf,https://www.tcool.cc/d/q/100294561b306a4bb5ca.pdf,https://www.tcool.cc/d/a/100294561b306a4bb7d5.pdf,questions/Q_100294561b306a4bb5ca.pdf,answers/A_100294561b306a4bb7d5.pdf
23,4,6,"明湖國小 / 彰化縣 / 2年級 國語 / 110上 期中1 / 翰林",1002945624e8eb43ef2c.pdf,1002945624e8eb43f1b4.pdf,https://www.tcool.cc/d/q/1002945624e8eb43ef2c.pdf,https://www.tcool.cc/d/a/1002945624e8eb43f1b4.pdf,questions/Q_1002945624e8eb43ef2c.pdf,answers/A_1002945624e8eb43f1b4.pdf
24,4,7,"內安國小 / 彰化縣 / 2年級 國語 / 110上 期中1 / 翰林",1002958618dfd813f27a.pdf,1002958636cb0ca3c70b.pdf,https://www.tcool.cc/d/q/1002958618dfd813f27a.pdf,https://www.tcool.cc/d/a/1002958636cb0ca3c70b.pdf,questions/Q_1002958618dfd813f27a.pdf,answers/A_1002958636cb0ca3c70b.pdf
25,4,9,"四維國小 / 臺中市 / 2年級 國語 / 109下 期中1 / 翰林",100488160e53d7c7acb1.pdf,100488160e53d7c7b43a.pdf,https://www.tcool.cc/d/q/100488160e53d7c7acb1.pdf,https://www.tcool.cc/d/a/100488160e53d7c7b43a.pdf,questions/Q_100488160e53d7c7acb1.pdf,answers/A_100488160e53d7c7b43a.pdf
26,4,10,"內安國小 / 彰化縣 / 2年級 國語 / 109下 期中1 / 翰林",10029586098e9f688080.pdf,10029586098d754dce05.pdf,https://www.tcool.cc/d/q/10029586098e9f688080.pdf,https://www.tcool.cc/d/a/10029586098d754dce05.pdf,questions/Q_10029586098e9f688080.pdf,answers/A_10029586098d754dce05.pdf
27,5,1,"廣興國小 / 彰化縣 / 2年級 國語 / 109下 期中1 / 翰林",100299860826f5eab499.pdf,100299860826f5eab87b.pdf,https://www.tcool.cc/d/q/100299860826f5eab499.pdf,https://www.tcool.cc/d/a/100299860826f5eab87b.pdf,questions/Q_100299860826f5eab499.pdf,answers/A_100299860826f5eab87b.pdf
28,5,2,"螺青國小 / 彰化縣 / 2年級 國語 / 109下 期中1 / 翰林",10029716073c0a54a2d4.pdf,10029716065772a96adc.pdf,https://www.tcool.cc/d/q/10029716073c0a54a2d4.pdf,https://www.tcool.cc/d/a/10029716065772a96adc.pdf,questions/Q_10029716073c0a54a2d4.pdf,answers/A_10029716065772a96adc.pdf
29,5,3,"四維國小 / 臺中市 / 2年級 國語 / 109上 期末2 / 翰林",100488160753fe01be71.pdf,100488160753fe01c06d.pdf,https://www.tcool.cc/d/q/100488160753fe01be71.pdf,https://www.tcool.cc/d/a/100488160753fe01c06d.pdf,questions/Q_100488160753fe01be71.pdf,answers/A_100488160753fe01c06d.pdf
30,5,4,"興南國小 / 新北市 / 2年級 國語 / 109上 期末2 / 翰林",10016516020de3bf0cfa.pdf,10016516020de3c0137a.pdf,https://www.tcool.cc/d/q/10016516020de3bf0cfa.pdf,https://www.tcool.cc/d/a/10016516020de3c0137a.pdf,questions/Q_10016516020de3bf0cfa.pdf,answers/A_10016516020de3c0137a.pdf
31,5,5,"內安國小 / 彰化縣 / 2年級 國語 / 109上 期末2 / 翰林",10029586002e23cefac0.pdf,10029586002e23cf0e48.pdf,https://www.tcool.cc/d/q/10029586002e23cefac0.pdf,https://www.tcool.cc/d/a/10029586002e23cf0e48.pdf,questions/Q_10029586002e23cefac0.pdf,answers/A_10029586002e23cf0e48.pdf
32,5,6,"螺青國小 / 彰化縣 / 2年級 國語 / 109上 期末3 / 翰林",1002971600144abc5f08.pdf,1002971600144abd0ecf.pdf,https://www.tcool.cc/d/q/1002971600144abc5f08.pdf,https://www.tcool.cc/d/a/1002971600144abd0ecf.pdf,questions/Q_1002971600144abc5f08.pdf,answers/A_1002971600144abd0ecf.pdf
33,5,7,"寶山國小 / 彰化縣 / 2年級 國語 / 109上 期中2 / 翰林",100287460122aa98232b.pdf,100287460122aa98265f.pdf,https://www.tcool.cc/d/q/100287460122aa98232b.pdf,https://www.tcool.cc/d/a/100287460122aa98265f.pdf,questions/Q_100287460122aa98232b.pdf,answers/A_100287460122aa98265f.pdf
34,5,9,"興南國小 / 新北市 / 2年級 國語 / 109上 期中1 / 翰林",100165161807e7d82fd0.pdf,100165161807e7d8369b.pdf,https://www.tcool.cc/d/q/100165161807e7d82fd0.pdf,https://www.tcool.cc/d/a/100165161807e7d8369b.pdf,questions/Q_100165161807e7d82fd0.pdf,answers/A_100165161807e7d8369b.pdf
35,6,1,"寶山國小 / 彰化縣 / 2年級 國語 / 109上 期中1 / 翰林",10028746020f33996e5d.pdf,1002874601227d36a609.pdf,https://www.tcool.cc/d/q/10028746020f33996e5d.pdf,https://www.tcool.cc/d/a/1002874601227d36a609.pdf,questions/Q_10028746020f33996e5d.pdf,answers/A_1002874601227d36a609.pdf
36,6,2,"內安國小 / 彰化縣 / 2年級 國語 / 109上 期中1 / 翰林",10029585facee376d689.pdf,10029585fbb1e55c14de.pdf,https://www.tcool.cc/d/q/10029585facee376d689.pdf,https://www.tcool.cc/d/a/10029585fbb1e55c14de.pdf,questions/Q_10029585facee376d689.pdf,answers/A_10029585fbb1e55c14de.pdf
37,6,3,"廣興國小 / 彰化縣 / 2年級 國語 / 109上 期中1 / 翰林",10029985faa358d454b5.pdf,10029985faa358d456dd.pdf,https://www.tcool.cc/d/q/10029985faa358d454b5.pdf,https://www.tcool.cc/d/a/10029985faa358d456dd.pdf,questions/Q_10029985faa358d454b5.pdf,answers/A_10029985faa358d456dd.pdf
38,6,6,"螺青國小 / 彰化縣 / 2年級 國語 / 109上 期中1 / 翰林",10029715f90f6a4e2112.pdf,10029715f90f6a4e23b0.pdf,https://www.tcool.cc/d/q/10029715f90f6a4e2112.pdf,https://www.tcool.cc/d/a/10029715f90f6a4e23b0.pdf,questions/Q_10029715f90f6a4e2112.pdf,answers/A_10029715f90f6a4e23b0.pdf
39,6,9,"海佃國小 / 臺南市 / 2年級 國語 / 108下 期末2 / 翰林",10050305f19461dc8154.pdf,10050305f19461dc8237.pdf,https://www.tcool.cc/d/q/10050305f19461dc8154.pdf,https://www.tcool.cc/d/a/10050305f19461dc8237.pdf,questions/Q_10050305f19461dc8154.pdf,answers/A_10050305f19461dc8237.pdf
40,6,10,"田中國小 / 彰化縣 / 2年級 國語 / 108下 期末2 / 翰林",10029555fbcbb90d1d4d.pdf,10029555fbcbb90db32b.pdf,https://www.tcool.cc/d/q/10029555fbcbb90d1d4d.pdf,https://www.tcool.cc/d/a/10029555fbcbb90db32b.pdf,questions/Q_10029555fbcbb90d1d4d.pdf,answers/A_10029555fbcbb90db32b.pdf
41,7,3,"伸東國小 / 彰化縣 / 2年級 國語 / 108下 期末2 / 翰林",10028935fd0895be1420.pdf,10028935fd0895be7973.pdf,https://www.tcool.cc/d/q/10028935fd0895be1420.pdf,https://www.tcool.cc/d/a/10028935fd0895be7973.pdf,questions/Q_10028935fd0895be1420.pdf,answers/A_10028935fd0895be7973.pdf
42,7,5,"內安國小 / 彰化縣 / 2年級 國語 / 108下 期末2 / 翰林",10029585fd31d689c4b1.pdf,10029585fd31d68a64f0.pdf,https://www.tcool.cc/d/q/10029585fd31d689c4b1.pdf,https://www.tcool.cc/d/a/10029585fd31d68a64f0.pdf,questions/Q_10029585fd31d689c4b1.pdf,answers/A_10029585fd31d68a64f0.pdf
43,7,8,"明湖國小 / 彰化縣 / 2年級 國語 / 108下 期末3 / 翰林",10029455fd0907d86d4d.pdf,10029455f067d1461b2b.pdf,https://www.tcool.cc/d/q/10029455fd0907d86d4d.pdf,https://www.tcool.cc/d/a/10029455f067d1461b2b.pdf,questions/Q_10029455fd0907d86d4d.pdf,answers/A_10029455f067d1461b2b.pdf
44,7,9,"寶山國小 / 彰化縣 / 2年級 國語 / 108下 期中2 / 翰林",10028745ee2e93d90a01.pdf,10028745ee2e93d90d8b.pdf,https://www.tcool.cc/d/q/10028745ee2e93d90a01.pdf,https://www.tcool.cc/d/a/10028745ee2e93d90d8b.pdf,questions/Q_10028745ee2e93d90a01.pdf,answers/A_10028745ee2e93d90d8b.pdf
45,8,3,"內安國小 / 彰化縣 / 2年級 國語 / 108下 期中1 / 翰林",10029585f97ec7340af2.pdf,10029585f97ec7341084.pdf,https://www.tcool.cc/d/q/10029585f97ec7340af2.pdf,https://www.tcool.cc/d/a/10029585f97ec7341084.pdf,questions/Q_10029585f97ec7340af2.pdf,answers/A_10029585f97ec7341084.pdf
46,8,4,"中山國小 / 彰化縣 / 2年級 國語 / 108下 期中1 / 翰林",10028585ea8b983c523c.pdf,10028585ea8b983c54f5.pdf,https://www.tcool.cc/d/q/10028585ea8b983c523c.pdf,https://www.tcool.cc/d/a/10028585ea8b983c54f5.pdf,questions/Q_10028585ea8b983c523c.pdf,answers/A_10028585ea8b983c54f5.pdf
47,8,5,"明湖國小 / 彰化縣 / 2年級 國語 / 108下 期中1 / 翰林",10029455f98da4fad6c4.pdf,10029455e96a169e02d4.pdf,https://www.tcool.cc/d/q/10029455f98da4fad6c4.pdf,https://www.tcool.cc/d/a/10029455e96a169e02d4.pdf,questions/Q_10029455f98da4fad6c4.pdf,answers/A_10029455e96a169e02d4.pdf
48,8,6,"新港國小 / 彰化縣 / 2年級 國語 / 108上 期末2 / 翰林",10028925e3382134b787.pdf,10028925e3382134b922.pdf,https://www.tcool.cc/d/q/10028925e3382134b787.pdf,https://www.tcool.cc/d/a/10028925e3382134b922.pdf,questions/Q_10028925e3382134b787.pdf,answers/A_10028925e3382134b922.pdf
49,8,7,"田中國小 / 彰化縣 / 2年級 國語 / 108上 期末2 / 翰林",10029555e27fcb0b596a.pdf,10029555e27fcb0b5b30.pdf,https://www.tcool.cc/d/q/10029555e27fcb0b596a.pdf,https://www.tcool.cc/d/a/10029555e27fcb0b5b30.pdf,questions/Q_10029555e27fcb0b596a.pdf,answers/A_10029555e27fcb0b5b30.pdf
50,10,3,"新港國小 / 彰化縣 / 2年級 國語 / 108上 期中1 / 翰林",10028925e3390e1a4fae.pdf,10028925e3390e1a5588.pdf,https://www.tcool.cc/d/q/10028925e3390e1a4fae.pdf,https://www.tcool.cc/d/a/10028925e3390e1a5588.pdf,questions/Q_10028925e3390e1a4fae.pdf,answers/A_10028925e3390e1a5588.pdf
51,10,6,"延平國小 / 臺北市 / 2年級 國語 / 108上 期中1 / 翰林",10051705e0433e4b733b.pdf,10051705e0433e4b7625.pdf,https://www.tcool.cc/d/q/10051705e0433e4b733b.pdf,https://www.tcool.cc/d/a/10051705e0433e4b7625.pdf,questions/Q_10051705e0433e4b733b.pdf,answers/A_10051705e0433e4b7625.pdf
